{
  "name": "minecraft:bastion/units/walls/wall_bases",
  "fallback": "minecraft:empty",
  "elements": [
    {
      "weight": 1,
      "element": {
        "location": "minecraft:bastion/units/walls/wall_base",
        "processors": "minecraft:housing",
        "projection": "rigid",
        "element_type": "minecraft:single_pool_element"
      }
    },
    {
      "weight": 1,
      "element": {
        "location": "minecraft:bastion/units/walls/connected_wall",
        "processors": "minecraft:housing",
        "projection": "rigid",
        "element_type": "minecraft:single_pool_element"
      }
    }
  ]
}
