{
  "name": "minecraft:bastion/treasure/corners/top",
  "fallback": "minecraft:empty",
  "elements": [
    {
      "weight": 1,
      "element": {
        "location": "minecraft:bastion/treasure/corners/top/corner_0",
        "processors": "minecraft:treasure_rooms",
        "projection": "rigid",
        "element_type": "minecraft:single_pool_element"
      }
    },
    {
      "weight": 1,
      "element": {
        "location": "minecraft:bastion/treasure/corners/top/corner_1",
        "processors": "minecraft:treasure_rooms",
        "projection": "rigid",
        "element_type": "minecraft:single_pool_element"
      }
    }
  ]
}
