{
  "name": "minecraft:bastion/treasure/roofs",
  "fallback": "minecraft:empty",
  "elements": [
    {
      "weight": 1,
      "element": {
        "location": "minecraft:bastion/treasure/roofs/wall_roof",
        "processors": "minecraft:roof",
        "projection": "rigid",
        "element_type": "minecraft:single_pool_element"
      }
    },
    {
      "weight": 1,
      "element": {
        "location": "minecraft:bastion/treasure/roofs/corner_roof",
        "processors": "minecraft:roof",
        "projection": "rigid",
        "element_type": "minecraft:single_pool_element"
      }
    },
    {
      "weight": 1,
      "element": {
        "location": "minecraft:bastion/treasure/roofs/center_roof",
        "processors": "minecraft:roof",
        "projection": "rigid",
        "element_type": "minecraft:single_pool_element"
      }
    }
  ]
}
