{
  "name": "minecraft:pillager_outpost/towers",
  "fallback": "minecraft:empty",
  "elements": [
    {
      "weight": 1,
      "element": {
        "elements": [
          {
            "location": "minecraft:pillager_outpost/watchtower",
            "processors": "minecraft:empty",
            "projection": "rigid",
            "element_type": "minecraft:legacy_single_pool_element"
          },
          {
            "location": "minecraft:pillager_outpost/watchtower_overgrown",
            "processors": "minecraft:outpost_rot",
            "projection": "rigid",
            "element_type": "minecraft:legacy_single_pool_element"
          }
        ],
        "projection": "rigid",
        "element_type": "minecraft:list_pool_element"
      }
    }
  ]
}
