{
  "name": "minecraft:bastion/treasure/walls/bottom",
  "fallback": "minecraft:empty",
  "elements": [
    {
      "weight": 1,
      "element": {
        "location": "minecraft:bastion/treasure/walls/bottom/wall_0",
        "processors": "minecraft:treasure_rooms",
        "projection": "rigid",
        "element_type": "minecraft:single_pool_element"
      }
    },
    {
      "weight": 1,
      "element": {
        "location": "minecraft:bastion/treasure/walls/bottom/wall_1",
        "processors": "minecraft:treasure_rooms",
        "projection": "rigid",
        "element_type": "minecraft:single_pool_element"
      }
    },
    {
      "weight": 1,
      "element": {
        "location": "minecraft:bastion/treasure/walls/bottom/wall_2",
        "processors": "minecraft:treasure_rooms",
        "projection": "rigid",
        "element_type": "minecraft:single_pool_element"
      }
    },
    {
      "weight": 1,
      "element": {
        "location": "minecraft:bastion/treasure/walls/bottom/wall_3",
        "processors": "minecraft:treasure_rooms",
        "projection": "rigid",
        "element_type": "minecraft:single_pool_element"
      }
    }
  ]
}
