{
  "name": "minecraft:bastion/hoglin_stable/stairs",
  "fallback": "minecraft:empty",
  "elements": [
    {
      "weight": 1,
      "element": {
        "location": "minecraft:bastion/hoglin_stable/stairs/stairs_1_0",
        "processors": "minecraft:stable_degradation",
        "projection": "rigid",
        "element_type": "minecraft:single_pool_element"
      }
    },
    {
      "weight": 1,
      "element": {
        "location": "minecraft:bastion/hoglin_stable/stairs/stairs_1_1",
        "processors": "minecraft:stable_degradation",
        "projection": "rigid",
        "element_type": "minecraft:single_pool_element"
      }
    },
    {
      "weight": 1,
      "element": {
        "location": "minecraft:bastion/hoglin_stable/stairs/stairs_1_2",
        "processors": "minecraft:stable_degradation",
        "projection": "rigid",
        "element_type": "minecraft:single_pool_element"
      }
    },
    {
      "weight": 1,
      "element": {
        "location": "minecraft:bastion/hoglin_stable/stairs/stairs_1_3",
        "processors": "minecraft:stable_degradation",
        "projection": "rigid",
        "element_type": "minecraft:single_pool_element"
      }
    },
    {
      "weight": 1,
      "element": {
        "location": "minecraft:bastion/hoglin_stable/stairs/stairs_1_4",
        "processors": "minecraft:stable_degradation",
        "projection": "rigid",
        "element_type": "minecraft:single_pool_element"
      }
    },
    {
      "weight": 1,
      "element": {
        "location": "minecraft:bastion/hoglin_stable/stairs/stairs_2_0",
        "processors": "minecraft:stable_degradation",
        "projection": "rigid",
        "element_type": "minecraft:single_pool_element"
      }
    },
    {
      "weight": 1,
      "element": {
        "location": "minecraft:bastion/hoglin_stable/stairs/stairs_2_1",
        "processors": "minecraft:stable_degradation",
        "projection": "rigid",
        "element_type": "minecraft:single_pool_element"
      }
    },
    {
      "weight": 1,
      "element": {
        "location": "minecraft:bastion/hoglin_stable/stairs/stairs_2_2",
        "processors": "minecraft:stable_degradation",
        "projection": "rigid",
        "element_type": "minecraft:single_pool_element"
      }
    },
    {
      "weight": 1,
      "element": {
        "location": "minecraft:bastion/hoglin_stable/stairs/stairs_2_3",
        "processors": "minecraft:stable_degradation",
        "projection": "rigid",
        "element_type": "minecraft:single_pool_element"
      }
    },
    {
      "weight": 1,
      "element": {
        "location": "minecraft:bastion/hoglin_stable/stairs/stairs_2_4",
        "processors": "minecraft:stable_degradation",
        "projection": "rigid",
        "element_type": "minecraft:single_pool_element"
      }
    },
    {
      "weight": 1,
      "element": {
        "location": "minecraft:bastion/hoglin_stable/stairs/stairs_3_0",
        "processors": "minecraft:stable_degradation",
        "projection": "rigid",
        "element_type": "minecraft:single_pool_element"
      }
    },
    {
      "weight": 1,
      "element": {
        "location": "minecraft:bastion/hoglin_stable/stairs/stairs_3_1",
        "processors": "minecraft:stable_degradation",
        "projection": "rigid",
        "element_type": "minecraft:single_pool_element"
      }
    },
    {
      "weight": 1,
      "element": {
        "location": "minecraft:bastion/hoglin_stable/stairs/stairs_3_2",
        "processors": "minecraft:stable_degradation",
        "projection": "rigid",
        "element_type": "minecraft:single_pool_element"
      }
    },
    {
      "weight": 1,
      "element": {
        "location": "minecraft:bastion/hoglin_stable/stairs/stairs_3_3",
        "processors": "minecraft:stable_degradation",
        "projection": "rigid",
        "element_type": "minecraft:single_pool_element"
      }
    },
    {
      "weight": 1,
      "element": {
        "location": "minecraft:bastion/hoglin_stable/stairs/stairs_3_4",
        "processors": "minecraft:stable_degradation",
        "projection": "rigid",
        "element_type": "minecraft:single_pool_element"
      }
    }
  ]
}
