{
  "name": "minecraft:bastion/hoglin_stable/starting_pieces",
  "fallback": "minecraft:empty",
  "elements": [
    {
      "weight": 1,
      "element": {
        "location": "minecraft:bastion/hoglin_stable/starting_pieces/starting_stairs_0",
        "processors": "minecraft:stable_degradation",
        "projection": "rigid",
        "element_type": "minecraft:single_pool_element"
      }
    },
    {
      "weight": 1,
      "element": {
        "location": "minecraft:bastion/hoglin_stable/starting_pieces/starting_stairs_1",
        "processors": "minecraft:stable_degradation",
        "projection": "rigid",
        "element_type": "minecraft:single_pool_element"
      }
    },
    {
      "weight": 1,
      "element": {
        "location": "minecraft:bastion/hoglin_stable/starting_pieces/starting_stairs_2",
        "processors": "minecraft:stable_degradation",
        "projection": "rigid",
        "element_type": "minecraft:single_pool_element"
      }
    },
    {
      "weight": 1,
      "element": {
        "location": "minecraft:bastion/hoglin_stable/starting_pieces/starting_stairs_3",
        "processors": "minecraft:stable_degradation",
        "projection": "rigid",
        "element_type": "minecraft:single_pool_element"
      }
    },
    {
      "weight": 1,
      "element": {
        "location": "minecraft:bastion/hoglin_stable/starting_pieces/starting_stairs_4",
        "processors": "minecraft:stable_degradation",
        "projection": "rigid",
        "element_type": "minecraft:single_pool_element"
      }
    }
  ]
}
