{
  "name": "minecraft:bastion/hoglin_stable/walls",
  "fallback": "minecraft:empty",
  "elements": [
    {
      "weight": 1,
      "element": {
        "location": "minecraft:bastion/hoglin_stable/walls/side_wall_0",
        "processors": "minecraft:side_wall_degradation",
        "projection": "rigid",
        "element_type": "minecraft:single_pool_element"
      }
    },
    {
      "weight": 1,
      "element": {
        "location": "minecraft:bastion/hoglin_stable/walls/side_wall_1",
        "processors": "minecraft:side_wall_degradation",
        "projection": "rigid",
        "element_type": "minecraft:single_pool_element"
      }
    }
  ]
}
