{
  "name": "minecraft:village/desert/town_centers",
  "fallback": "minecraft:empty",
  "elements": [
    {
      "weight": 98,
      "element": {
        "location": "minecraft:village/desert/town_centers/desert_meeting_point_1",
        "processors": "minecraft:empty",
        "projection": "rigid",
        "element_type": "minecraft:legacy_single_pool_element"
      }
    },
    {
      "weight": 98,
      "element": {
        "location": "minecraft:village/desert/town_centers/desert_meeting_point_2",
        "processors": "minecraft:empty",
        "projection": "rigid",
        "element_type": "minecraft:legacy_single_pool_element"
      }
    },
    {
      "weight": 49,
      "element": {
        "location": "minecraft:village/desert/town_centers/desert_meeting_point_3",
        "processors": "minecraft:empty",
        "projection": "rigid",
        "element_type": "minecraft:legacy_single_pool_element"
      }
    },
    {
      "weight": 2,
      "element": {
        "location": "minecraft:village/desert/zombie/town_centers/desert_meeting_point_1",
        "processors": "minecraft:zombie_desert",
        "projection": "rigid",
        "element_type": "minecraft:legacy_single_pool_element"
      }
    },
    {
      "weight": 2,
      "element": {
        "location": "minecraft:village/desert/zombie/town_centers/desert_meeting_point_2",
        "processors": "minecraft:zombie_desert",
        "projection": "rigid",
        "element_type": "minecraft:legacy_single_pool_element"
      }
    },
    {
      "weight": 1,
      "element": {
        "location": "minecraft:village/desert/zombie/town_centers/desert_meeting_point_3",
        "processors": "minecraft:zombie_desert",
        "projection": "rigid",
        "element_type": "minecraft:legacy_single_pool_element"
      }
    }
  ]
}
