{
  "name": "minecraft:village/taiga/town_centers",
  "fallback": "minecraft:empty",
  "elements": [
    {
      "weight": 49,
      "element": {
        "location": "minecraft:village/taiga/town_centers/taiga_meeting_point_1",
        "processors": "minecraft:mossify_10_percent",
        "projection": "rigid",
        "element_type": "minecraft:legacy_single_pool_element"
      }
    },
    {
      "weight": 49,
      "element": {
        "location": "minecraft:village/taiga/town_centers/taiga_meeting_point_2",
        "processors": "minecraft:mossify_10_percent",
        "projection": "rigid",
        "element_type": "minecraft:legacy_single_pool_element"
      }
    },
    {
      "weight": 1,
      "element": {
        "location": "minecraft:village/taiga/zombie/town_centers/taiga_meeting_point_1",
        "processors": "minecraft:zombie_taiga",
        "projection": "rigid",
        "element_type": "minecraft:legacy_single_pool_element"
      }
    },
    {
      "weight": 1,
      "element": {
        "location": "minecraft:village/taiga/zombie/town_centers/taiga_meeting_point_2",
        "processors": "minecraft:zombie_taiga",
        "projection": "rigid",
        "element_type": "minecraft:legacy_single_pool_element"
      }
    }
  ]
}
