{
  "name": "minecraft:bastion/bridge/connectors",
  "fallback": "minecraft:empty",
  "elements": [
    {
      "weight": 1,
      "element": {
        "location": "minecraft:bastion/bridge/connectors/back_bridge_top",
        "processors": "minecraft:bastion_generic_degradation",
        "projection": "rigid",
        "element_type": "minecraft:single_pool_element"
      }
    },
    {
      "weight": 1,
      "element": {
        "location": "minecraft:bastion/bridge/connectors/back_bridge_bottom",
        "processors": "minecraft:bastion_generic_degradation",
        "projection": "rigid",
        "element_type": "minecraft:single_pool_element"
      }
    }
  ]
}
